Time_s,Noisy,MovingAvg,Butterworth,TrueSignal
0,25.4539519290833,25.1306631587158,25.4643609307024,25
0.01,25.1775962775549,25.0233124879692,25.2464872577642,25.0125662879311
0.02,24.46514427659,25.0538792337903,25.0841581874455,25.0251320797667
0.03,24.7584388289038,25.0105519320148,24.9993319995898,25.0376968794308
0.04,25.7981844814471,25.0516558738023,24.9678983129928,25.0502601908867
0.05,24.486559134236,25.0085818971693,24.9530887727176,25.0628215181563
0.06,25.2372797087168,24.9129130650326,24.93855090557,25.0753803653399
0.07,24.7072608195865,24.9200521233876,24.9219897598961,25.0879362366357
0.08,25.3804874081027,24.9442977762648,24.905265984202,25.1004886363595
0.09,24.620916107472,25.0502337355269,24.902051927277,25.1130370689641
0.1,24.4972636077166,25.0140425216433,24.9341529947738,25.1255810390586
0.11,25.2489868611045,25.0671471659118,25.0065912962105,25.1381200514288
0.12,24.7076008053616,25.0461634985447,25.0944305711331,25.1506536110559
0.13,25.8177984215254,24.9968477772005,25.156458621572,25.1631812231363
0.14,25.4362723426106,24.9808447004267,25.1640499499384,25.1757023931015
0.15,25.0176055769214,25.1517636100658,25.1291541934157,25.188216626637
0.16,25.0274430350455,25.2424914228333,25.1013019005283,25.2007234297024
0.17,24.2141036061445,25.1926876456697,25.1285860553222,25.2132223085505
0.18,25.2204566403644,25.2662218499248,25.2115507725829,25.225712769747
0.19,26.3301052038639,25.2496818923762,25.2969613184341,25.2381943201897
0.2,25.4045417353911,25.1699575850148,25.3373939484431,25.2506664671286
0.21,24.7509490894683,25.225823183625,25.3411352787652,25.2631287181846
0.22,25.4429428479132,25.3270143409374,25.3419355463375,25.2755805813693
0.23,25.6523988460393,25.4507782072518,25.3563880688661,25.2880215651045
0.24,24.6390292689961,25.4487107653404,25.3871361201707,25.3004511782415
0.25,25.5762615630233,25.3012260069203,25.4229003306938,25.3128689300805
0.26,26.0393546081696,25.3017544776298,25.4303206158172,25.3252743303898
0.27,25.4517422692882,25.3148239046303,25.3841451480944,25.3376668894255
0.28,25.1997822212512,25.2938686324771,25.3002435146689,25.3500461179506
0.29,24.8552576196625,25.2489762360209,25.2193306873146,25.3624115272543
0.3,25.4098264424858,25.3251094661179,25.1716287091936,25.3747626291714
0.31,24.8816433594732,25.3343875081724,25.1667292912233,25.3870989361017
0.32,25.2333901263819,25.2542415483844,25.2004595257638,25.3994199610288
0.33,25.2034748814769,25.2586267312576,25.2570147687081,25.4117252175398
0.34,25.400361569966,25.2002589845077,25.311342821139,25.4240142198441
0.35,25.6690419835688,25.313369877019,25.3407296616436,25.4362864827931
0.36,25.2378950102893,25.2725559752564,25.3398945015305,25.4485415218988
0.37,25.4955940980209,25.3213099827744,25.3262242968464,25.4607788533532
0.38,24.6161047537515,25.3586326784443,25.3255576962458,25.4729979940475
0.39,25.9863665447762,25.4364104784206,25.349639143712,25.4851984615908
0.4,25.0016874248595,25.4109135965146,25.393206570062,25.4973797743297
0.41,25.3691834346535,25.4011487363292,25.4455309618658,25.5095414513668
0.42,25.60661708308,25.4049750395274,25.4880977682586,25.5216830125798
0.43,25.9812528812406,25.3592707944752,25.4976030850962,25.5338039786408
0.44,25.1453927509057,25.4552518922462,25.468858428575,25.5459038710346
0.45,25.5713933817145,25.4086944166268,25.4207102706716,25.5579822120785
0.46,25.2761580422715,25.4682932422169,25.3788304863275,25.57003852494
0.47,25.0385516474985,25.4428483324028,25.3617576432818,25.5820723336565
0.48,25.5759157314615,25.4206517305455,25.3721387213838,25.5940831631541
0.49,25.520791788583,25.4045613341505,25.3985560577372,25.6060705392655
0.5,25.5976756807605,25.4913119407834,25.4349291255994,25.6180339887499
0.51,25.1147343365125,25.4883986408131,25.4918863584556,25.6299730393106
0.52,25.3846510645064,25.6292170114646,25.5796724439037,25.6418872196144
0.53,25.8203489172907,25.6446491463124,25.6847454016528,25.6537760593099
0.54,26.0128988172355,25.591307754968,25.7742266785333,25.665639089046
0.55,25.5422603820116,25.693422060272,25.8189644597248,25.6774758404906
0.56,26.6843417487858,25.6609082469373,25.8070811867746,25.689285846349
0.57,25.1928729959765,25.7147720861504,25.7532121705134,25.7010686403825
0.58,25.0425018180175,25.7026891763516,25.6887977124112,25.7128237574265
0.59,26.5419348416228,25.6390985466004,25.6252362656256,25.7245507334091
0.6,25.2725375474139,25.5774098301167,25.5532424449798,25.7362491053694
0.61,25.6533727286439,25.5944692391518,25.4792018272846,25.7479184114756
0.62,25.2638219665179,25.4842293431908,25.4303029691138,25.7595581910436
0.63,25.1844426197787,25.5900322595137,25.432893264341,25.7711679845548
0.64,25.3960116523987,25.6477319783724,25.4946473450031,25.7827473336744
0.65,25.7128544723623,25.6410118073251,25.5980265402396,25.7942957812696
0.66,25.5819427891762,25.6577947067439,25.7096597952275,25.8058128714273
0.67,26.2509021592051,25.6007720594467,25.7960639785343,25.8172981494727
0.68,25.619499006605,25.6765576231406,25.8370876567549,25.8287511619866
0.69,26.4747331311493,25.812679698918,25.8360004313599,25.8401714568236
0.7,25.4403665416016,25.8511169264962,25.8245693741564,25.8515585831301
0.71,25.0831462556725,25.9323980558433,25.8470024325395,25.8629120913619
0.72,26.0216776034564,25.9539472018162,25.914999999797,25.8742315333019
0.73,26.5456633775533,25.8902524937028,25.9901187721732,25.8855164620778
0.74,25.7803839281807,25.8605228179153,26.0247564670524,25.8967664321801
0.75,26.5256657658329,25.8618332824911,25.9996722228924,25.9079809994791
0.76,25.797434248905,25.8493570365376,25.9272429145774,25.919159721243
0.77,25.6139550780712,25.922180791139,25.8419889421311,25.9303021561549
0.78,25.3222022487303,25.8795935638343,25.7752604017413,25.9414078643307
0.79,26.4878377769072,25.7860035382998,25.7314650406163,25.9524764073359
0.8,25.3156040820661,25.794505500356,25.7025084937351,25.9635073482034
0.81,25.8113838016868,25.750913596036,25.6922168490544,25.9745002514507
0.82,25.5958053304094,25.785859839085,25.7112399819123,25.9854546830966
0.83,25.6097631222084,25.7862052653307,25.7625289583533,25.996370210679
0.84,25.8654035487425,25.8760595539079,25.8358346547825,26.0072464032715
0.85,26.089746722633,25.8591276459288,25.9101932457506,26.0180828315007
0.86,26.146896679395,25.9277206424803,25.9685141397476,26.028879067563
0.87,25.6174093405286,25.943444213673,26.0089188558586,26.0396346852414
0.88,26.2207451345015,25.9326817524508,26.0344148209813,26.0503492599226
0.89,26.3185186971164,25.9975515628218,26.0431578706187,26.0610223686135
0.9,26.0015340475813,26.1046941254702,26.0421220488709,26.071653589958
0.91,25.9686195136142,26.1455932829076,26.0578353705366,26.0822425042538
0.92,25.4881807181874,26.1386075103454,26.1174732949868,26.0927886934685
0.93,26.2584612259181,26.2201772792163,26.2159233320116,26.1032917412569
0.94,26.9368291752268,26.2228720834952,26.3104379829837,26.1137512329764
0.95,26.4987382970069,26.2362022854272,26.3615200810329,26.1241667557043
0.96,26.0770389537731,26.2597692656511,26.3693042012351,26.1345378982535
0.97,26.4331070292373,26.2819567165008,26.3592941711868,26.1448642511892
0.98,26.2476931772905,26.4322111668222,26.3526687439975,26.1551454068445
0.99,26.4518207164363,26.4331095150967,26.3603813647197,26.1653809593372
1,26.2372038498208,26.3929334911778,26.3887857740003,26.1755705045849
1.01,26.1904940221109,26.4045423246503,26.4369879960845,26.1857136403221
1.02,26.9907252214008,26.4867582302619,26.4914393238477,26.195809966115
1.03,26.2674447086632,26.4602229035141,26.5356385487757,26.205859083378
1.04,26.5350689360383,26.4924156160557,26.5615429630016,26.2158605953892
1.05,26.6148266317321,26.4770272902123,26.5620942711633,26.225814107306
1.06,26.8991980098884,26.4566439071757,26.5285538641204,26.2357192261807
1.07,26.1677537617599,26.4609326714042,26.4647540579615,26.2455755609762
1.08,26.5696203027064,26.4214879082601,26.3901289217257,26.2553827225814
1.09,26.2979374580019,26.3877530182392,26.3290187298497,26.2651403238262
1.1,26.0333700194551,26.4447269628715,26.3042522320472,26.2748479794974
1.11,26.2333816643958,26.5096970764389,26.328138849705,26.2845053063532
1.12,26.59627758996,26.4165278106629,26.39352328117,26.2941119231389
1.13,25.9300958084539,26.416544493124,26.4774293594233,26.3036674506018
1.14,27.1048083823611,26.4177300280183,26.545033742256,26.3131715115059
1.15,27.2645277674062,26.4440708932694,26.5656397009301,26.3226237306473
1.16,25.9675053521282,26.5468926294313,26.5485253822478,26.3320237348685
1.17,26.1679205863713,26.5578072451072,26.5385279783917,26.3413711530734
1.18,26.5814756516492,26.6166216823868,26.5627134325167,26.350665616242
1.19,26.5613461105127,26.6214950496454,26.6055933309426,26.3599067574448
1.2,27.0615873810744,26.5555615775192,26.6327426275072,26.3690942118574
1.21,26.3425278211549,26.4867046315995,26.6195148852508,26.3782276167747
1.22,27.1844219627559,26.4839164802526,26.5627586261471,26.3873066116256
1.23,25.9788294810397,26.5132711451594,26.4815373155373,26.3963308379869
1.24,26.4454736610992,26.4859266663892,26.4069358922784,26.4052999395977
1.25,26.5759583082096,26.517607311774,26.3651175145289,26.4142135623731
1.26,25.9396238386595,26.4845266077354,26.3738989078181,26.4230713544186
1.27,26.4614672354385,26.5896124829885,26.4421656943493,26.4318729660437
1.28,26.3080308639476,26.5684777422231,26.557669378088,26.4406180497758
1.29,26.8781525643606,26.624087717848,26.6834813523543,26.4493062603741
1.3,26.730780340689,26.5328094870172,26.7702381459883,26.4579372548428
1.31,27.3933865736853,26.5186824789083,26.7758045064604,26.4665106924451
1.32,26.973074555102,26.5371387878487,26.6919694650051,26.4750262347163
1.33,26.5349292372891,26.662162039178,26.5644361472137,26.4834835454775
1.34,25.532691352791,26.687709738965,26.4730039163658,26.4918822908484
1.35,26.4346882271204,26.6719734564025,26.4725709084439,26.5002221392609
1.36,26.1241869280637,26.6727762793572,26.5505299109865,26.5085027614722
1.37,27.7116997487308,26.5827132795804,26.6424006006135,26.5167238305774
1.38,26.5635078618186,26.4496464492728,26.6892923035757,26.5248850220229
1.39,26.7207897387354,26.5572042973333,26.6792479229836,26.5329860136187
1.4,26.7388085702355,26.6791475045916,26.6377967096743,26.5410264855516
1.41,26.4927565759172,26.6539924470034,26.6028326804545,26.5490061203975
1.42,25.642406252026,26.6890062518935,26.6038318341751,26.556924603134
1.43,27.6105077178949,26.6570862326726,26.6358754894809,26.5647816211532
1.44,26.7521234253739,26.6688091251562,26.670332372005,26.5725768642732
1.45,26.183137651238,26.666721509875,26.6975716456811,26.5803100247514
1.46,26.474324976965,26.6377575094269,26.7204895814231,26.5879807972957
1.47,27.3924995565212,26.5747710902338,26.7186257803735,26.5955888790771
1.48,26.6807367866551,26.638327982841,26.663272386766,26.6031339697418
1.49,26.6999135859237,26.497936801234,26.5564552099724,26.6106157714222
1.5,26.4491685657539,26.4910050336423,26.4352184819873,26.6180339887499
1.51,25.8628923839865,26.5458884151642,26.34968569113,26.6253883288662
1.52,26.277975178098,26.5554655276726,26.3351637491541,26.6326785014344
1.53,26.2065959018248,26.5195820507991,26.3920105866937,26.6399042186509
1.54,26.6828057494566,26.5016355768517,26.4891054207733,26.6470651952569
1.55,26.7319714664568,26.511554335118,26.5852241102629,26.6541611485491
1.56,26.5700961020494,26.4921165954383,26.6488568489885,26.6611917983916
1.57,27.0336647877861,26.5262360150052,26.6654688710967,26.6681568672263
1.58,26.5012720471808,26.5539587723666,26.6388414454945,26.6750560800843
1.59,26.7991011685871,26.6453781503396,26.5916813467398,26.6818891645963
1.6,26.2547911689571,26.658309565096,26.5588907314083,26.688655851004
1.61,26.2040865796549,26.6721454048165,26.5695820922708,26.6953558721702
1.62,26.5552027517127,26.6524142239437,26.6231931606107,26.7019889635894
1.63,27.1207896815548,26.5880781803301,26.6852965984414,26.7085548633986
1.64,26.81211989702,26.6406296327879,26.7177019307788,26.7150533123873
1.65,26.8703298636625,26.6576328870751,26.7102306569861,26.7214840540079
1.66,26.372784293321,26.6411171432308,26.6813741131385,26.7278468343857
1.67,26.3903043516502,26.6215779768306,26.6527109085465,26.734141402329
1.68,27.0267865717588,26.6933143583056,26.6261397949527,26.7403675093391
1.69,26.9691337114588,26.6569058629993,26.5960581140376,26.7465249096198
1.7,26.0896337305147,26.6452988840696,26.5796884554323,26.7526133600877
1.71,26.008694915652,26.6554089613463,26.6056383433324,26.7586326203811
1.72,27.2725665664636,26.6915407807195,26.6709339671361,26.7645824528699
1.73,26.7567047284918,26.7424803075695,26.7419784052947,26.7704626226649
1.74,26.6960501077228,26.7430858965423,26.7929099358646,26.7762728976271
1.75,26.9714306364295,26.6457956002178,26.8164299338855,26.7820130483767
1.76,26.734102487053,26.7185345379694,26.8121647637182,26.7876828483025
1.77,26.8996996201502,26.7972737139288,26.7837641085042,26.7932820735705
1.78,27.032842461487,26.7722287014241,26.7438774743896,26.7988105031327
1.79,25.9962307482131,26.7943592656981,26.7160151063782,26.8042679187364
1.8,26.8170231080307,26.7456469838497,26.7163424313964,26.809654104932
1.81,26.7960866752462,26.7386478047785,26.7322650981168,26.8149688490822
1.82,27.0221164414165,26.6993101713709,26.7350969065198,26.82021194137
1.83,26.9780103712325,26.6761640844206,26.7126395561588,26.825383174807
1.84,26.2089272892383,26.6631747154078,26.6824099097069,26.8304823452418
1.85,26.9014388457175,26.796811984575,26.6745977896216,26.835509251368
1.86,26.3407261529766,26.8243049198491,26.7087704309853,26.8404636947317
1.87,26.6682387506477,26.8444457942275,26.7838169532766,26.8453454797402
1.88,26.9029487713588,26.757938771461,26.874019541176,26.8501544136689
1.89,27.3326034398848,26.7530005771387,26.9377419088113,26.8548903066693
1.9,27.0919524607722,26.878497389224,26.9452663428793,26.8595529717765
1.91,26.99749541903,26.7707504925318,26.9008987897792,26.8641422249164
1.92,26.1570462137521,26.8483840413925,26.8334485720465,26.8686578849132
1.93,26.9286284280095,26.7475776232809,26.7608398111561,26.8730997734964
1.94,27.4638954100907,26.7314595479063,26.6779448547078,26.8774677153077
1.95,25.8239698787959,26.7079300956116,26.5882983427443,26.8817615379084
1.96,27.1170616415831,26.6036568252665,26.520509146153,26.8859810717857
1.97,25.6601745695316,26.6324736422574,26.5061492579731,26.8901261503596
1.98,26.7417680176137,26.7179038107657,26.5557265057074,26.8941966099895
1.99,27.0973089169374,26.7643175177726,26.6544818957208,26.8981922899806
2,26.0492197573215,26.733973821961,26.7806214231935,26.9021130325903
2.01,27.2856635889387,26.8213403491483,26.9123826010063,26.9059586830344
2.02,27.011347898835,26.8183233730203,27.017480706762,26.9097290894933
2.03,27.3927654980788,26.9440457614011,27.0643090230439,26.9134241031177
2.04,27.1604584519745,26.8685215086385,27.0452678465362,26.9170435780348
2.05,26.697635150669,26.8691089879132,26.9805913679199,26.9205873713539
2.06,27.0868918803032,26.9747939145508,26.9022352728305,26.9240553431722
2.07,26.9173984533393,26.961469435884,26.8411119559869,26.92744735658
2.08,25.9865254899872,26.9603045319509,26.8232269527568,26.9307632776665
2.09,27.1031837096849,26.9097341660515,26.8502826051467,26.9340029755249
2.1,27.106069023697,26.7542793843943,26.8872014492871,26.9371663222573
2.11,27.1524188022714,26.8571170312654,26.8920263884305,26.9402531929802
2.12,26.9996988595037,26.7976625337457,26.8526342767789,26.9432634658293
2.13,26.8870618390852,26.7656186238256,26.7944801541302,26.9461970219643
2.14,25.6059106354018,26.9046123508216,26.7581868559136,26.9490537455732
2.15,27.72601161938,26.8621874905274,26.7594290726342,26.9518335238775
2.16,26.4923469051064,26.7980804884914,26.7824504137665,26.9545362471364
2.17,26.5969593541382,26.8115910018697,26.8104806472118,26.9571618086509
2.18,27.3764627599478,26.7958364782823,26.8341244409455,26.9597101047685
2.19,26.6789351067423,26.7481742138822,26.849821281514,26.9621810348867
2.2,26.464999003337,26.9673166819137,26.8654444003609,26.9645745014574
2.21,27.2875239360547,26.8769193095923,26.8858621164375,26.9668904099907
2.22,26.8421536236294,26.8867128975847,26.904798508641,26.9691286690584
2.23,26.4104391950846,26.8572202066765,26.91466798804,26.971289190298
2.24,27.7973353157161,26.8013698763616,26.9046097474754,26.9733718884157
2.25,26.8220378961668,26.9093987076689,26.8709816404698,26.9753766811903
2.26,26.5902827850298,26.9927283080866,26.8416794037309,26.9773034894758
2.27,26.3020324450561,26.9111751263245,26.8581000951169,26.9791522372053
2.28,26.8179594567993,26.9155849113643,26.9265952104166,26.9809228513933
2.29,27.7592234198153,27.016454451213,27.0081049775546,26.982615262139
2.3,27.2982950075136,27.0136189912059,27.0648010589489,26.984229402629
2.31,26.4719921184334,27.0240435386366,27.1014383940306,26.9857652091396
2.32,26.8862514740274,27.0233533662006,27.139774491018,26.98722262104
2.33,27.419134593572,27.1069086295324,27.1697319323312,26.988601580794
2.34,27.7689807156447,27.067975511786,27.1567619828686,26.9899020339626
2.35,26.9262833704746,27.0356415243427,27.0901440338779,26.9911239292062
2.36,26.5833810606694,26.9582066843892,26.9964825450569,26.9922672182863
2.37,27.1375850783738,26.979608186376,26.9056657758403,26.9933318560681
2.38,26.4286282793358,26.8911778131831,26.8253919597051,26.9943178005212
2.39,27.4358835453827,26.8014732770776,26.7485967505259,26.9952250127225
2.4,26.5239466079782,26.7373305497964,26.6763602086595,26.9960534568565
2.41,26.6860071383011,26.8045133860676,26.6344002052533,26.9968031002179
2.42,26.0019477420987,26.9015604569784,26.659433595187,26.997473913212
2.43,26.5220892325168,26.8071330838886,26.7605237960985,26.9980658693562
2.44,27.1275534428332,26.8464229826659,26.895326045157,26.9985789452812
2.45,27.5981117331866,26.8023998573563,26.9939009961958,26.9990131207315
2.46,27.553851769777,26.849274498675,27.0168040587162,26.9993683785666
2.47,26.1933113474757,26.8915242198298,26.9877802926722,26.9996447047616
2.48,26.8215272671086,27.0003231910531,26.9590623529252,26.9998420884076
2.49,26.995652292287,27.0220529180038,26.9547551959874,26.9999605217123
2.5,26.9926930211658,26.9972553162694,26.962492533087,27
2.51,27.1085043498484,26.9026946935168,26.9606508455329,26.9999605217123
2.52,27.0899374543317,26.8129218717614,26.9381995013542,26.9998420884076
2.53,26.7393865020243,26.9400274619864,26.9007638195858,26.9996447047616
2.54,26.879577425489,26.8971945768169,26.8640234357294,26.9993683785666
2.55,26.6525055056609,26.879270382417,26.8398838453107,26.9990131207315
2.56,26.6561235522231,26.8204879520796,26.8255452116653,26.9985789452812
2.57,27.4643672497256,26.8413928984688,26.8043745888276,26.9980658693562
2.58,26.3931984154132,26.7773892895754,26.7655032819991,26.997473913212
2.59,26.8164103482885,26.71786009749,26.7170660513794,26.9968031002179
2.6,26.4048687177911,26.6646110958588,26.6712955678992,26.9960534568565
2.61,27.3175538137405,26.7257542754002,26.6335712199083,26.9952250127225
2.62,26.4499013653975,26.865899600362,26.6203290043689,26.9943178005212
2.63,26.1440945811702,26.7894800962021,26.6695203758623,26.9933318560681
2.64,26.347087409177,26.8901419694489,26.8066766172177,26.9922672182863
2.65,27.2639373010752,26.9877326633141,27.0046178162792,26.9911239292062
2.66,28.0575768018413,27.1064648409148,27.2012111523194,26.9899020339626
2.67,26.7001722081264,27.1536665508951,27.3561868509028,26.988601580794
2.68,27.3998171478815,27.1767717593362,27.4630308714437,26.98722262104
2.69,27.7923172869406,27.3122815253929,27.5127262065186,26.9857652091396
2.7,27.5921904937978,27.3630827913539,27.4859751794018,26.984229402629
2.71,27.7895709135435,27.2599733918829,27.3813328992087,26.982615262139
2.72,26.6809534498086,27.1337439691896,27.2283173434524,26.9809228513933
2.73,27.4991922417368,27.1785818453623,27.0719573969837,26.9791522372053
2.74,26.8551000687877,27.2272586411954,26.9579625066875,26.9773034894758
2.75,26.2328433063648,27.1896005768982,26.928421615325,26.9753766811903
2.76,26.7952825749079,27.1394540926796,26.998218898435,26.9733718884157
2.77,27.1485509698533,27.1059164966293,27.127090354311,26.971289190298
2.78,27.8865851062131,27.1080641159028,27.2372379534864,26.9691286690584
2.79,27.4157366439679,26.9883283908363,27.2661158814685,26.9668904099907
2.8,27.0907256516127,26.9639062254704,27.1987638036809,26.9645745014574
2.81,27.4541949530399,26.9765320162591,27.0590038153753,26.9621810348867
2.82,26.7024296425438,27.0410285639214,26.8928373252715,26.9597101047685
2.83,26.3018349910721,27.014025840715,26.7559939196946,26.9571618086509
2.84,26.6108784151283,26.8601916782909,26.6867907454963,26.9545362471364
2.85,26.3591012142521,26.8022778519483,26.682105025784,26.9518335238775
2.86,27.4402480515304,26.7446411596948,26.7051604033744,26.9490537455732
2.87,26.8785237377899,26.6769072055877,26.7236322035993,26.9461970219643
2.88,26.3482434819719,26.7709545846674,26.7416283206562,26.9432634658293
2.89,26.8365983805415,26.9080896639253,26.7858147141576,26.9402531929802
2.9,26.5143587290779,26.902204937096,26.8699494772326,26.9371663222573
2.91,26.7768554119689,26.9396347037694,26.9772880284512,26.9340029755249
2.92,27.6429034333415,26.9085196009605,27.0627164200753,26.9307632776665
2.93,27.6731857836507,26.9177154229329,27.0848534317961,26.92744735658
2.94,26.5520311468356,26.9483090858048,27.048909336173,26.9240553431722
2.95,26.7333988809858,27.0063619770842,26.9979697339419,26.9205873713539
2.96,27.1290970234418,26.9741782152727,26.964625901963,26.9170435780348
2.97,26.9704819575134,27.1136458696811,26.9556790693228,26.9134241031177
2.98,26.654180110691,27.0208774122314,26.9687498964073,26.9097290894933
2.99,27.4171272933356,26.9626373702383,26.9974855589367,26.9059586830344
3,26.1925211109626,26.9607226212495,27.0264043876906,26.9021130325903
3.01,28.1715319560534,26.9245257171977,27.0297773834132,26.8981922899806
3.02,26.7152188588439,26.9560608278799,26.9891622442409,26.8941966099895
3.03,27.0907853637196,26.9482498760795,26.9196647900782,26.8901261503596
3.04,26.5328836569479,26.9812432898246,26.8636220223771,26.8859810717857
3.05,26.371429840468,26.9322314589997,26.8551899574873,26.8817615379084
3.06,27.4444481302633,27.0337489257415,26.8955333928456,26.8774677153077
3.07,26.8923724395098,26.9890584433768,26.9642987168111,26.8730997734964
3.08,26.9841142481415,27.0358208681393,27.0486607147551,26.8686578849132
3.09,26.927008985087,27.045653469985,27.1447597576559,26.8641422249164
3.1,27.2076957783806,27.1383599095279,27.237293346753,26.8595529717765
3.11,27.7246271324068,27.2297010039986,27.2961737231202,26.8548903066693
3.12,27.1828431064686,27.1107995216365,27.2967386268661,26.8501544136689
3.13,27.1891113821761,27.0908915720192,27.2336573306161,26.8453454797402
3.14,27.4599480523772,26.9932423187254,27.114617078771,26.8404636947317
3.15,27.2848407851748,27.0111204350742,26.9630065471031,26.835509251368
3.16,26.2554333066423,27.066440904182,26.8299968695351,26.8304823452418
3.17,26.6932929433367,27.0534096966368,26.7766362683691,26.825383174807
3.18,26.0076217152042,27.0610578890523,26.8308557593618,26.82021194137
3.19,27.1057901485751,26.9745798351809,26.9579306355359,26.8149688490822
3.2,27.7609004694578,26.8704940042048,27.0722315427707,26.809654104932
3.21,27.5943150569553,26.8292002698254,27.0966358250059,26.8042679187364
3.22,27.2593250306233,26.8746927052202,27.0223204937691,26.7988105031327
3.23,26.3243308434623,26.9258060178263,26.9101318983611,26.7932820735705
3.24,26.4190897426159,27.0672216858138,26.8358674670492,26.7876828483025
3.25,26.871903441381,27.0199499554113,26.8341034531423,26.7820130483767
3.26,26.7103576605904,26.9155332688674,26.8877775041235,26.7762728976271
3.27,27.2044260693976,26.8855146896837,26.9521469879052,26.7704626226649
3.28,27.4217783950799,26.8580829559443,26.9837735806306,26.7645824528699
3.29,26.6330728445497,26.815056326972,26.9644353822079,26.7586326203811
3.3,26.7167336040192,26.805355763165,26.8976815323509,26.7526133600877
3.31,27.2941292651174,26.752702579887,26.7848499990423,26.7465249096198
3.32,26.98500769323,26.686876190421,26.6319271936213,26.7403675093391
3.33,25.8940645537384,26.6282150270719,26.4764467659649,26.734141402329
3.34,26.3220841045459,26.5628068582707,26.373702957627,26.7278468343857
3.35,26.3453716086013,26.6387266584747,26.3590081025738,26.7214840540079
3.36,26.0520937659306,26.6712295543121,26.4372926244233,26.7150533123873
3.37,26.6178144359067,26.6681478847925,26.5869535643006,26.7085548633986
3.38,26.7676967070674,26.5994683372925,26.7608966593946,26.7019889635894
3.39,27.3922708465904,26.6929738037561,26.9025279732541,26.6953558721702
3.4,27.0417625623929,26.8086697832455,26.9753648795905,26.688655851004
3.41,27.2633125699212,26.8071590110955,26.9824137640644,26.6818891645963
3.42,26.2982122182306,26.9003193191314,26.9581982215289,26.6750560800843
3.43,26.8291192183744,26.9662060723628,26.9338541087842,26.6681568672263
3.44,27.4790438994394,26.9007136607304,26.9113032577133,26.6611917983916
3.45,26.3302638871017,26.8484229102801,26.8783727423349,26.6541611485491
3.46,26.9836968462897,26.7607123727112,26.8261511626809,26.6470651952569
3.47,27.2766819682203,26.6717075391119,26.7461538333865,26.6399042186509
3.48,26.1127725907431,26.668895377865,26.6400983895549,26.6326785014344
3.49,26.8693633420882,26.6204413631774,26.5264085691995,26.6253883288662
3.5,26.164657186703,26.5158907519718,26.4260287030486,26.6180339887499
3.51,26.3732642339283,26.4990503009048,26.353805645127,26.6106157714222
3.52,26.2700906057617,26.4265221080148,26.3168659386387,26.6031339697418
3.53,26.3445790714986,26.3803772461931,26.3140620207756,26.5955888790771
3.54,26.4335377873836,26.5083051280453,26.3414594492325,26.5879807972957
3.55,26.1618593764315,26.3991829007743,26.396782801253,26.5803100247514
3.56,26.2584149173895,26.4232193745521,26.4719005630817,26.5725768642732
3.57,26.8152333500038,26.456273889402,26.5409555099807,26.5647816211532
3.58,27.3920514092653,26.5059716774586,26.5756934416353,26.556924603134
3.59,25.7781410693775,26.5708203642214,26.5815072925384,26.5490061203975
3.6,26.4050219244809,26.5848843681536,26.5903497904532,26.5410264855516
3.61,26.7038093824274,26.53162498077,26.6126554299204,26.5329860136187
3.62,26.7670684863277,26.5883597836688,26.6253908590442,26.5248850220229
3.63,26.9930659391265,26.6000925970573,26.6050432330076,26.5167238305774
3.64,26.574177826706,26.4809243016936,26.5570622651495,26.5085027614722
3.65,25.6292655025959,26.5338862508637,26.5111128127315,26.5002221392609
3.66,26.8257629463769,26.5100431183328,26.4814055531725,26.4918822908484
3.67,26.9325614838892,26.4763822595719,26.4490083733667,26.4834835454775
3.68,26.2003684556281,26.3969805533787,26.3982459722669,26.4750262347163
3.69,26.3077605610787,26.4002666264683,26.3420990167747,26.4665106924451
3.7,26.1665905991719,26.3245165638637,26.3026639249458,26.4579372548428
3.71,26.3672007948185,26.3839524441116,26.2910902185569,26.4493062603741
3.72,25.9730514243953,26.4080388133466,26.3053805156131,26.4406180497758
3.73,27.0259266700223,26.3736830625842,26.3350620824052,26.4318729660437
3.74,25.8166772006604,26.3742857860378,26.3739044915538,26.4230713544186
3.75,26.2236243050749,26.3600136585088,26.4208692524545,26.4142135623731
3.76,27.0666266387268,26.3996209167348,26.4626880587579,26.4052999395977
3.77,26.5890039762655,26.444030360587,26.4838566525243,26.3963308379869
3.78,26.2063956901632,26.5176805432666,26.4957171394569,26.3873066116256
3.79,26.1650392857895,26.5360290282981,26.5244651854903,26.3782276167747
3.8,26.5626631814313,26.5371220346989,26.5722366573496,26.3690942118574
3.81,26.8112952333409,26.5380200070461,26.6072519251338,26.3599067574448
3.82,26.7095532511908,26.3613471095919,26.5882906849621,26.350665616242
3.83,27.2094115203378,26.3532603490805,26.4966947859937,26.3413711530734
3.84,25.8276072646679,26.3987482283547,26.3567821008763,26.3320237348685
3.85,26.2326040285468,26.4147932020389,26.2247089598711,26.3226237306473
3.86,25.299897664185,26.3016858308471,26.1452994857732,26.3131715115059
3.87,26.5081363711513,26.1439847734961,26.1149497251584,26.3036674506018
3.88,26.6612744829055,26.1896145783993,26.0918503872273,26.2941119231389
3.89,26.3254890226319,26.0307744052099,26.0513259729372,26.2845053063532
3.9,25.4315894695125,26.1184014086994,26.0205457753082,26.2748479794974
3.91,25.2342846598315,26.1091444805731,26.0395497242418,26.2651403238262
3.92,27.1658513002229,26.1968223172723,26.10350134713,26.2553827225814
3.93,25.6210097884433,26.13607612808,26.1717357055369,26.2455755609762
3.94,26.7038772995632,26.1179734543406,26.2130836283911,26.2357192261807
3.95,26.1400347472839,26.0961360566971,26.2189352707039,26.225814107306
3.96,26.1766760311768,26.1171088726968,26.1970451968067,26.2158605953892
3.97,25.9006744792281,26.1945923942879,26.1618155287367,26.205859083378
3.98,26.4802477455119,26.0926656605197,26.1206049727302,26.195809966115
3.99,26.1071150461968,26.1384344930661,26.077880858814,26.1857136403221
4,25.6413176295096,26.1037348233141,26.0470727629411,26.1755705045849
4.01,26.0091198757424,26.1222349519853,26.0382739381233,26.1653809593372
4.02,26.1465839625409,25.9902329613352,26.0396471767564,26.1551454068445
4.03,26.0786981139078,25.971070050494,26.0250078150112,26.1448642511892
4.04,26.3568806020432,25.9266233141598,25.9761375593148,26.1345378982535
4.05,26.3250360339958,25.9478429087162,25.9045126111537,26.1241667557043
4.06,24.8566561246753,26.0251223137652,25.8582410842593,26.1137512329764
4.07,25.7090453708162,26.0573010850287,25.8845170567553,26.1032917412569
4.08,26.0357803821703,26.0286551674433,25.979352459421,26.0927886934685
4.09,26.3193109917607,26.0969016595706,26.0921066696305,26.0822425042538
4.1,26.4141116799993,26.023636565392,26.1697789340879,26.071653589958
4.11,26.3309075883775,25.9193796922374,26.187612520785,26.0610223686135
4.12,25.8601247866865,26.0557098234016,26.1510938076018,26.0503492599226
4.13,26.7611630351811,26.1326519439415,26.0833002171112,26.0396346852414
4.14,25.624229660257,26.1761401998495,26.02274181816,26.028879067563
4.15,25.2824673024503,26.1677748037916,26.015943174607,26.0180828315007
4.16,26.2199574363169,26.1664533186973,26.0786316310838,26.0072464032715
4.17,26.4784665762158,26.1365135201464,26.1769342417953,25.996370210679
4.18,26.4706629412503,26.2229262577995,26.2650222591099,25.9854546830966
4.19,26.2356570311813,26.2074780585218,26.3235455308616,25.9745002514507
4.2,26.4008968290563,26.2415974733883,26.3584785712323,25.9635073482034
4.21,26.0315096028687,26.3432750075097,26.3804491624629,25.9524764073359
4.22,26.7242521632176,26.3664571268091,26.3894702223744,25.9414078643307
4.23,26.606681042404,26.382159442215,26.3805768036944,25.9303021561549
4.24,25.9654238089217,26.3158972590582,26.3617710098529,25.919159721243
4.25,26.2992426436644,26.3415127496938,26.3489870623094,25.9079809994791
4.26,26.4517786293115,26.341243563503,26.3444441925373,25.8967664321801
4.27,26.6354897302742,26.3708708124502,26.3399640229336,25.8855164620778
4.28,25.8080411096821,26.3413350033819,26.3352104030378,25.8742315333019
4.29,26.4918119375375,26.2570325458849,26.3321182589609,25.8629120913619
4.3,26.3982049671484,26.2720464143285,26.3197344677906,25.8515585831301
4.31,26.3277820923406,26.2761001534799,26.281589772223,25.8401714568236
4.32,26.4288940725346,26.1870952800929,26.212181206245,25.8287511619866
4.33,25.7636564674336,26.0366234457395,26.1200623802863,25.8172981494727
4.34,26.1155624933584,26.0647143287402,26.0164287183018,25.8058128714273
4.35,26.339780035178,26.0003764472881,25.9080494297073,25.7942957812696
4.36,25.5617298954416,25.9566818416344,25.8113149472219,25.7827473336744
4.37,25.1307713867398,25.8957052645448,25.7538625400466,25.7711679845548
4.38,26.0889499396897,25.7817741284665,25.7430674544826,25.7595581910436
4.39,25.8484331230167,25.799651264922,25.75478536516,25.7479184114756
4.4,25.9612589106109,25.8036796432338,25.7638173245236,25.7362491053694
4.41,25.7180163214449,25.7520342549475,25.7679484278697,25.7245507334091
4.42,25.2895827117518,25.7517554916371,25.778521917714,25.7128237574265
4.43,25.9424278319886,25.8020206881039,25.7932526190649,25.7010686403825
4.44,26.1558462764763,25.7459130020678,25.7878844526803,25.689285846349
4.45,25.8233261523151,25.6550117545877,25.7430816189266,25.6774758404906
4.46,25.558942262337,25.6339424715228,25.6676818891892,25.665639089046
4.47,25.633423351408,25.6758515532347,25.5895971704946,25.6537760593099
4.48,25.5278730793291,25.7092290089305,25.5389763362281,25.6418872196144
4.49,24.9394206482156,25.644963431919,25.5377814608626,25.6299730393106
4.5,25.7505660799618,25.6195151986536,25.5831634140429,25.6180339887499
4.51,26.1371071385633,25.6534344964164,25.6451977768828,25.6060705392655
4.52,25.6233572687108,25.6748717314459,25.6994373860774,25.5940831631541
4.53,25.2997720618727,25.689588360745,25.7467513053561,25.5820723336565
4.54,25.9013639438225,25.7000503852473,25.7880526650262,25.57003852494
4.55,26.1625191299437,25.7283302600199,25.805485289827,25.5579822120785
4.56,25.7733146126311,25.7096251407616,25.7837957824021,25.5459038710346
4.57,25.7805896443994,25.700866262575,25.7317537885142,25.5338039786408
4.58,25.6324933243518,25.6830300407282,25.6762974141741,25.5216830125798
4.59,25.2222193959417,25.7344440136613,25.644483398619,25.5095414513668
4.6,25.5635148873793,25.686134226125,25.6427903956293,25.4973797743297
4.61,26.0495183566972,25.6430233875261,25.6489800592877,25.4851984615908
4.62,25.444995050243,25.5771129860865,25.6319718155867,25.4729979940475
4.63,25.8139117912028,25.480712539675,25.5735727213245,25.4607788533532
4.64,25.4182660684598,25.3356373991151,25.4701955403847,25.4485415218988
4.65,25.731410743955,25.3887256318533,25.3325837905263,25.4362864827931
4.66,25.1142105982345,25.3871910263776,25.1935357747867,25.4240142198441
4.67,24.8165851802853,25.3548846951355,25.1061208502277,25.4117252175398
4.68,24.1817419187523,25.3739477854036,25.1120286739426,25.3994199610288
4.69,25.7531017233234,25.2374445817089,25.1991943958488,25.3870989361017
4.7,25.5481688326224,25.2333143471565,25.3069323842457,25.3747626291714
4.71,25.7264550442767,25.2882025525574,25.381496994968,25.3624115272543
4.72,25.6356259529239,25.3533602607178,25.4174121075108,25.3500461179506
4.73,24.448879754256,25.3929621671321,25.4477937804184,25.3376668894255
4.74,25.3769637229359,25.4789360805226,25.4925958054686,25.3252743303898
4.75,26.2802927979631,25.4116744459229,25.521842407079,25.3128689300805
4.76,25.7657876798387,25.3948309348016,25.4925817770489,25.3004511782415
4.77,25.2126042444283,25.3552728557016,25.4063149874851,25.2880215651045
4.78,25.0414810526576,25.2695532845651,25.3037786321548,25.2755805813693
4.79,25.0804853773267,25.3232663032626,25.2201383488311,25.2631287181846
4.8,25.3797337214093,25.2914914696671,25.1636106588005,25.2506664671286
4.81,25.3308742532768,25.2371089360219,25.1310821774179,25.2381943201897
4.82,24.7784302415581,25.2289902499927,25.1297346472245,25.225712769747
4.83,24.9860099412313,25.2391756933776,25.1704714728218,25.2132223085505
4.84,25.0592153869809,25.1870465685132,25.241760748359,25.2007234297024
4.85,25.7364674615116,25.2048175897121,25.30299274881,25.188216626637
4.86,25.6846008195461,25.218574216028,25.3126816513976,25.1757023931015
4.87,25.3144586782774,25.1871394939245,25.2652648054927,25.1631812231363
4.88,24.5201898040137,25.1539948332995,25.1920468897212,25.1506536110559
4.89,25.2581955893157,25.1259074790117,25.1206151481834,25.1381200514288
4.9,25.5172999845687,25.1666516501678,25.0512933123613,25.1255810390586
4.91,25.0165270322417,25.0958539278619,24.985324376681,25.1130370689641
4.92,24.4469836353076,25.0515806876212,24.9495500219814,25.1004886363595
4.93,24.7051363983538,25.0394759513768,24.9698516479221,25.0879362366357
4.94,25.4666570985414,25.1275730478524,25.0380624918027,25.0753803653399
4.95,25.0284902384528,25.1508697061438,25.1242954207274,25.0628215181563
4.96,25.2418684171392,25.1212149023568,25.2060499265716,25.0502601908867
4.97,25.1934113158337,25.1459628589417,25.2713047518011,25.0376968794308
4.98,25.4011607687694,25.2171106933226,25.3084997563878,25.0251320797667
4.99,25.4911621722301,25.185592517551,25.3075721277942,25.0125662879311
5,25.2207519466987,25.1802749859803,25.2692267921587,25
5.01,25.2640065980905,25.2235305517731,25.2081701128456,24.9874337120689
5.02,25.158461979116,25.2082604574709,25.1476937697107,24.9748679202333
5.03,24.3899546406386,25.1681420030436,25.1071945231324,24.9623031205692
5.04,25.4134817828337,25.0895852336676,25.0804735456346,24.9497398091133
5.05,25.4610458963808,24.9509348130204,25.0340751085114,24.9371784818437
5.06,25.0891674741176,24.9177874141865,24.9455923170929,24.9246196346601
5.07,24.7922267715604,24.907933640268,24.8339594441591,24.9120637633643
5.08,24.6155930750095,24.9250365890552,24.7471325272215,24.8995113636405
5.09,24.1046579657577,24.9634461727316,24.7286178020192,24.886962931036
5.1,24.8892779583599,24.8803995661219,24.7861959028045,24.8744189609414
5.11,25.1654688589059,24.9014938144349,24.8872876202396,24.8618799485712
5.12,25.329491466988,24.9580858767691,24.993075040121,24.8493463889441
5.13,24.7740504774024,25.0771385967141,25.0924341867735,24.8368187768637
5.14,24.5830157167368,25.0461459019357,25.1893372578259,24.8242976068985
5.15,25.6719883795109,25.0476685988523,25.2621008659667,24.811783373363
5.16,25.65508809746,25.0418039773603,25.2607191743296,24.7992765702976
5.17,25.9827539710104,25.0183957342783,25.1587827574737,24.7867776914495
5.18,24.3056661272252,24.9921381884121,24.9968026028949,24.774287230253
5.19,24.1198849349237,24.9613400112327,24.8535523502219,24.7618056798103
5.2,24.83063174344,24.963053249811,24.7706764707121,24.7493335328714
5.21,24.9313864280856,24.8491522722748,24.7241106419371,24.7368712818154
5.22,25.0669160083267,24.6525660795155,24.6670853494473,24.7244194186307
5.23,24.4660687056078,24.4794176757689,24.5777686311626,24.7119784348955
5.24,24.6001481025198,24.5172126179615,24.4674746579622,24.6995488217585
5.25,24.5329786041493,24.5482015574994,24.3679378596279,24.6871310699195
5.26,23.6892261698667,24.5697520850977,24.3195738421267,24.6747256696102
5.27,24.2512699335439,24.5675788976561,24.3493098702763,24.6623331105745
5.28,24.6836155491517,24.5358957413682,24.4490002444532,24.6499538820494
5.29,24.4297743303024,24.5791326568575,24.5863941006963,24.6375884727457
5.3,25.0461370194226,24.6794539109588,24.7300739154199,24.6252373708286
5.31,24.9096545536705,24.6699372044552,24.8621359336857,24.6129010638983
5.32,24.7500844454468,24.8893398255288,24.9809900600872,24.6005800389712
5.33,24.8984378605016,25.01102616435,25.0881602791839,24.5882747824602
5.34,25.6033606435324,25.0586003762935,25.1717228525657,24.5759857801559
5.35,24.4378115391134,24.9686609764951,25.2079615632399,24.5637135172069
5.36,25.8832523806031,24.8860635176166,25.1646674152525,24.5514584781012
5.37,25.468133321755,24.7782832266129,25.0123735493656,24.5392211466468
5.38,25.1593576685874,24.7612120456253,24.7648590536886,24.5270020059525
5.39,23.5303803323179,24.6650678094432,24.4966518882008,24.5148015384092
5.4,24.220162430638,24.5281428494649,24.2930978835949,24.5026202256703
5.41,23.831851643633,24.6024578117165,24.1903448849489,24.4904585486332
5.42,24.5793726355711,24.3957157928351,24.1695664576548,24.4783169874202
5.43,23.9369954986805,24.1983610230303,24.1893980483801,24.4661960213592
5.44,24.2341110437497,24.0856367314419,24.2081218726491,24.4540961289654
5.45,25.1809611616293,24.1591762470305,24.193579238536,24.4420177879215
5.46,23.8158321917896,24.2095528936734,24.1489711472642,24.42996147506
5.47,23.494585623707,24.2692810608649,24.1200506175111,24.4179276663435
5.48,24.0321147527033,24.2295377824154,24.1454540113799,24.4059168368459
5.49,24.2657754882038,24.2821909692284,24.2136711420062,24.3939294607345
5.5,24.7239288970663,24.235305070161,24.2812712247988,24.3819660112501
5.51,24.4291333155487,24.1645129639742,24.3172653585742,24.3700269606894
5.52,24.181939851076,24.2658360492216,24.3247224562282,24.3581127803856
5.53,24.4635273668099,24.3452579442396,24.3296346794145,24.3462239406901
5.54,23.7652520530764,24.4300456608987,24.3577325367653,24.334360910954
5.55,24.4730400997614,24.4143819469005,24.4128384138308,24.3225241595094
5.56,24.8290630442636,24.4193588005236,24.4702147222066,24.310714153651
5.57,24.2888045738864,24.3343542633169,24.4978957505147,24.2989313596175
5.58,24.8799919192946,24.3424669556572,24.4791396290902,24.2871762425735
5.59,24.1091383482217,24.3474867072936,24.4143602159038,24.2754492665909
5.6,24.7736974332972,24.3402846983824,24.3169389430039,24.2637508946306
5.61,23.5790879434816,24.2397235611296,24.2087321092634,24.2520815885244
5.62,24.263066774479,24.1466771552408,24.1066733564964,24.2404418089564
5.63,24.5137248831745,24.1231164493797,24.0150813185598,24.2288320154452
5.64,23.6932319639637,24.1200839812273,23.9451756935283,24.2172526663256
5.65,23.4674287272334,24.0748704927875,23.925143170833,24.2057042187304
5.66,23.8985989853761,24.0645560139743,23.9691040289055,24.1941871285727
5.67,24.0531975152753,24.1073899313207,24.0517675492743,24.1827018505273
5.68,24.8496672377705,24.0626999922322,24.1280209154996,24.1712488380134
5.69,23.6570034638237,24.0052251526845,24.1710455984877,24.1598285431764
5.7,24.6705526451648,24.1530352389723,24.1840650989931,24.1484414168699
5.71,24.0074271169463,24.1846944385615,24.1877942432845,24.1370879086381
5.72,23.8161673835932,24.278615391359,24.2081963909815,24.1257684666981
5.73,23.938976487698,24.2845431341353,24.2541422439299,24.1144835379222
5.74,25.1713328268414,24.1803056430039,24.3013131016065,24.1032335678199
5.75,23.7840207231259,24.2546489174662,24.3176658605889,24.0920190005209
5.76,24.8378085133511,24.197227601303,24.2931973965191,24.080840278757
5.77,24.1124749430377,24.1947501269815,24.2403475593875,24.0696978438451
5.78,23.8072923264566,24.2386905012737,24.1839827274446,24.0585921356693
5.79,24.4004362084474,24.2213572868388,24.1448056393686,24.0475235926641
5.8,24.0963394835327,24.2093513969184,24.1297220731806,24.0364926517966
5.81,23.982652373731,24.2340923821438,24.1412577292709,24.0254997485493
5.82,24.2555711265152,24.1877571775545,24.1806679096713,24.0145453169034
5.83,23.765644343349,24.2233921695782,24.2380365381026,24.003629789321
5.84,25.0512739276376,24.1909581005234,24.2884551802879,23.9927535967285
5.85,24.0314305753798,24.2184375039053,24.3079230658848,23.9819171684993
5.86,24.374456467458,24.2508861900551,24.2918206817489,23.971120932437
5.87,24.4688248632744,24.2070624338915,24.2518837297633,23.9603653147586
5.88,23.482951635909,24.1879969109006,24.2031936702872,23.9496507400774
5.89,24.6752302422658,24.1553867637207,24.1496893572364,23.9389776313865
5.9,24.4208263450316,24.1004026658212,24.0849110829243,23.928346410042
5.91,23.5444148120944,24.0835135692261,24.01755428101,23.9177574957462
5.92,24.064915896606,24.0780999816459,23.974099135317,23.9072113065315
5.93,23.4395428715504,24.0196939029841,23.9683733429921,23.8967082587431
5.94,24.5014329486428,24.0692856330999,23.9851063204991,23.8862487670236
5.95,23.8625396094289,23.9605137561083,23.9939920326566,23.8758332442957
5.96,24.3203205916559,23.8779172146166,23.9746806563961,23.8654621017465
5.97,23.8847640766567,23.8955038139347,23.9300612504433,23.8551357488108
5.98,23.9788689370664,23.990713686378,23.8850575291456,23.8448545931555
5.99,23.5875114723502,24.0697007417305,23.8764701030696,23.8346190406628
6,23.594860930114,24.0260595619544,23.9325596590891,23.8244294954151
6.01,23.7202808052754,24.044709696907,24.0472410107729,23.8142863596779
6.02,25.0170146210395,24.109022798747,24.1748189980381,23.804190033885
6.03,24.2294134250749,24.1188548738396,24.2665901579644,23.794140916622
6.04,24.0650211508819,24.128183403181,24.3074715266394,23.7841394046108
6.05,24.0490409589547,24.112244274032,24.3001887489829,23.774185892694
6.06,24.963451610056,24.1243388574286,24.2358955469597,23.7642807738193
6.07,23.9830848275828,24.0719579635851,24.1087625556706,23.7544244390238
6.08,24.072154230481,23.9681384196951,23.943546126352,23.7446172774186
6.09,23.4281201808594,23.8813604001123,23.7879581754048,23.7348596761738
6.1,23.7158067640806,23.9117809282388,23.6851167500475,23.7251520205026
6.11,23.1964718668402,23.9235569991486,23.6546704382232,23.7154946936468
6.12,23.9788191821395,23.7906960380987,23.6865411269693,23.7058880768611
6.13,23.3616332292472,23.7403565208823,23.746112109202,23.6963325493982
6.14,24.3692264321471,23.6293528468583,23.7875687448365,23.6868284884941
6.15,24.1668016680523,23.6930834018258,23.7775783098297,23.6773762693527
6.16,23.6348419995565,23.7275010421862,23.7241791093001,23.6679762651315
6.17,23.4796896554192,23.7650534546161,23.6769037977164,23.6586288469266
6.18,22.9621174902407,23.8336425286709,23.6862826375385,23.649334383758
6.19,24.065425730535,23.8875553966697,23.7611193264656,23.6400932425552
6.2,24.0599831676845,23.8402020532261,23.8677116588457,23.6309057881426
6.21,23.5719959911393,23.7832565768948,23.962444529638,23.6217723832253
6.22,24.6647099226869,23.8158973310087,24.0099467849575,23.6126933883744
6.23,23.9007619092352,23.7876001978281,23.9889086606954,23.6036691620131
6.24,23.895692997711,23.8425113762533,23.9025365793542,23.5947000604023
6.25,23.5973469047392,23.7412766409092,23.7707437139294,23.5857864376269
6.26,23.961249540696,23.6279214795759,23.6125099809939,23.5769286455814
6.27,23.1967183236133,23.5321880919903,23.446693598461,23.5681270339563
6.28,23.511229274493,23.4977020949382,23.2988896975099,23.5593819502242
6.29,23.0530783770933,23.3576851244171,23.1994271683637,23.5506937396259
6.3,22.926431554352,23.4366890237179,23.1762680651351,23.5420627451572
6.31,22.6146621152828,23.4651343382076,23.2362022715256,23.5334893075549
6.32,24.319849952166,23.3124264770141,23.3482732682526,23.5249737652837
6.33,22.5005922040243,23.3365645883818,23.4598145288426,23.5165164545225
6.34,24.6857319907186,23.3771941072822,23.5228347889041,23.5081177091516
6.35,23.8818000496365,23.384168907448,23.5174891733416,23.4997778607391
6.36,22.434170928761,23.4772090819095,23.4744121235637,23.4914972385278
6.37,23.4380994372905,23.5089548990312,23.4433198972776,23.4832761694226
6.38,23.9175244634968,23.4261874066301,23.4386714257319,23.4751149779771
6.39,23.1228263787519,23.5958363559076,23.4499627892603,23.4670139863813
6.4,23.8568332989665,23.4887171073196,23.4765399291887,23.4589735144484
6.41,22.9321202864998,23.5044564589197,23.5274809845435,23.4509938796025
6.42,23.4921750281547,23.6055177960243,23.6003005083423,23.443075396866
6.43,24.1970816967996,23.5681335797327,23.6670938975336,23.4352183788468
6.44,23.6145395048385,23.5417455655536,23.6931734920907,23.4274231357268
6.45,24.0391935656376,23.5710858670282,23.6684640294702,23.4196899752486
6.46,23.4447842998071,23.6301049918211,23.6146890870599,23.4120192027043
6.47,23.064257274375,23.6333740859192,23.5675810154484,23.4044111209229
6.48,23.6536443217056,23.6258381494354,23.5459228229576,23.3968660302582
6.49,23.4162293934978,23.4690529786699,23.5348757313331,23.3893842285778
6.5,24.447024546895,23.5242424122353,23.5076519292458,23.3819660112501
6.51,22.9648112274807,23.487928825581,23.465026269022,23.3746116711338
6.52,23.4168156633176,23.5481864433024,23.4439012995273,23.3673214985656
6.53,22.629229989144,23.5622834929259,23.4776221026384,23.3600957813491
6.54,24.1664338404924,23.5519346179464,23.5548841897271,23.3529348047431
6.55,23.6760576990951,23.6071910418332,23.6286578906491,23.3458388514509
6.56,24.0473604770204,23.4789571361448,23.6611031020176,23.3388082016084
6.57,23.2052277706109,23.5414012342919,23.6476473313525,23.3318431327737
6.58,23.5501555719103,23.4592364456793,23.598218005309,23.3249439199157
6.59,23.9687936323655,23.5108011755607,23.5138329981308,23.3181108354037
6.6,23.1646854900108,23.4166751612089,23.3945977459559,23.311344148996
6.61,23.5892522089516,23.341919725907,23.2574172569178,23.3046441278298
6.62,22.5951677771921,23.1855481892911,23.1323755481509,23.2980110364106
6.63,23.1448772879584,23.2059904605916,23.043745556437,23.2914451366014
6.64,23.2251736969741,23.1889482598139,22.9991346981496,23.2849466876127
6.65,22.928503346076,23.1485386543059,23.0019209910636,23.2785159459921
6.66,22.4836451108618,23.2052347237979,23.0594291004444,23.2721531656143
6.67,23.4096504836155,23.1267197432256,23.1623648124221,23.265858597671
6.68,23.3797335641332,23.2038589874098,23.274374208609,23.2596324906609
6.69,23.5646975772859,23.2195758156076,23.3561734327431,23.2534750903802
6.7,23.7316461849301,23.2793086613741,23.39320024841,23.2473866399123
6.71,22.8041024032294,23.3544939872763,23.4007295127318,23.2413673796189
6.72,23.3665602190334,23.3881688608061,23.4001663618938,23.2354175471301
6.73,23.3020455699367,23.2771221864436,23.3879741795413,23.2295373773351
6.74,23.8225021546392,23.2186753691448,23.3371210225042,23.2237271023729
6.75,23.6803566050979,23.2312253254086,23.2333027424029,23.2179869516233
6.76,22.8203938461603,23.1767261657494,23.107203056316,23.2123171516975
6.77,22.2991837399905,23.2046330980741,23.0192711117184,23.2067179264295
6.78,22.7952653911449,23.151118728622,23.0017124446291,23.2011894968673
6.79,23.6901971399238,23.1071246440785,23.0289399069696,23.1957320812636
6.8,23.1866545883379,23.0649863903448,23.0571840410416,23.190345895068
6.81,23.0831717264761,23.051306297089,23.0755237321759,23.1850311509178
6.82,22.8314165245129,23.1105405355853,23.1061543865867,23.17978805863
6.83,22.8621047245016,23.2050884927621,23.1692532446756,23.174616825193
6.84,23.401119617302,23.2989975213618,23.2563291420594,23.1695176547582
6.85,23.5435556725399,23.2354688960245,23.3349674642806,23.164490748632
6.86,23.4127362311233,23.2300338705453,23.3753962642441,23.1595363052683
6.87,23.2446633117587,23.1863264301171,23.3651462700193,23.1546545202598
6.88,23.7343556771421,23.2263494264182,23.304577148194,23.1498455863311
6.89,23.0549108865506,23.2454551742877,23.2074415167982,23.1451096933307
6.9,23.1323043335459,23.166602612916,23.1047841633572,23.1404470282235
6.91,22.6460973221942,23.1518333053227,23.0321909835287,23.1358577750836
6.92,23.231646487524,23.1354613679596,23.0103318817591,23.1313421150868
6.93,23.0531622031961,23.2250564450323,23.0435579147496,23.1269002265036
6.94,22.6125940035856,23.1880375923291,23.1287888592282,23.1225322846923
6.95,23.3958625966064,23.2186182965782,23.2477874127926,23.1182384620916
6.96,23.2490168574925,23.2063563043918,23.3560993372892,23.1140189282143
6.97,24.1406140824858,23.1965297402405,23.3997499214719,23.1098738496404
6.98,23.36416715011,23.1230763244376,23.3516210880009,23.1058033900105
6.99,23.3607179290417,23.1433360675989,23.2329983292186,23.1018077100194
7,23.0096844116816,23.2670602164607,23.1025017434216,23.0978869674097
7.01,22.5478316806817,23.2543051080651,23.0266346543865,23.0940413169656
7.02,22.4971123294945,23.2846593862232,23.0440846709055,23.0902709105067
7.03,23.2557596348097,23.1533460685055,23.1357576761886,23.0865758968823
7.04,23.8498354922028,23.1395311303417,23.2357946072099,23.0829564219652
7.05,23.2683115126507,23.096868793813,23.2838418085625,23.0794126286461
7.06,23.5525596390732,23.0625746037672,23.2624040393616,23.0759446568278
7.07,22.8274809053091,23.1509708837795,23.1905496748876,23.07255264342
7.08,23.2260177684723,23.1929055025985,23.0981411184668,23.0692367223335
7.09,22.934094563754,23.0118629465534,23.0083966917321,23.0659970244751
7.1,22.6667425112236,23.0287124831594,22.93384417662,23.0628336777427
7.11,23.4317944808052,22.9917600863483,22.8779616838834,23.0597468070198
7.12,22.9164585176843,22.9601995600245,22.8499108868822,23.0567365341707
7.13,21.4453340743592,22.9590159142004,22.8702395221447,23.0538029780357
7.14,24.0183308582625,22.9482660867543,22.9342171451476,23.0509462544268
7.15,22.8987875445398,22.9455753254778,22.9981888475092,23.0481664761225
7.16,23.2369543758349,22.9793712264838,23.0261325160896,23.0454637528636
7.17,22.8156444470683,22.917757975654,23.015006666015,23.0428381913491
7.18,23.1185194940114,22.8740159741078,22.9762177932627,23.0402898952315
7.19,22.907186950989,23.0094145387282,22.9223070128565,23.0378189651133
7.2,23.0047015212835,22.9249529061273,22.8696247855374,23.0354254985426
7.21,22.8156619725068,22.9277976555888,22.8433460821757,23.0331095900093
7.22,22.4790385022224,22.9862554929502,22.872966113766,23.0308713309416
7.23,22.7993197205638,23.1615479300659,22.9724899288892,23.028710809702
7.24,23.1737145322533,23.1138139080276,23.1226987106077,23.0266281115843
7.25,22.9272350391543,23.0812158488709,23.2733391520245,23.0246233188097
7.26,23.8215327494489,23.0296732232544,23.3552257435974,23.0226965105242
7.27,24.5685688182259,23.0007505245456,23.3111755766302,23.0208477627947
7.28,22.641179273628,23.0485190049353,23.1507065495231,23.0190771486067
7.29,22.5812063594218,23.0869980044056,22.9574452831273,23.017384737861
7.3,22.4892752651189,23.0783802791972,22.8217204306696,23.015770597371
7.31,22.526434985419,23.0212022659781,22.7823253096018,23.0142347908604
7.32,22.9567233061192,23.0161078537202,22.8234459738098,23.01277737896
7.33,23.1841097152662,22.9078494319822,22.9022251108118,23.011398419206
7.34,23.0875372801697,22.8949911171913,22.9833331593063,23.0100979660374
7.35,22.3554549069634,22.925488518108,23.0502823993474,23.0088760707938
7.36,23.7705886268697,22.9526661941973,23.0842784218107,23.0077327817137
7.37,23.4859846008464,22.9972841904978,23.0631586442507,23.0066681439319
7.38,22.5125961257186,22.969868598828,22.9943223741985,23.0056821994788
7.39,22.8861803685886,22.9158848677964,22.9145057317742,23.0047749872775
7.4,22.7610520260122,22.9163439432259,22.8524485093654,23.0039465431435
7.41,22.9726149484239,22.9657674211692,22.8159043422937,23.0031968997821
7.42,22.6825673894213,22.8886630152408,22.8054992869235,23.002526086788
7.43,22.64427240495,22.8225240633729,22.8205040160019,23.0019341306438
7.44,23.0921280344646,22.8640367547644,22.852747370945,23.0014210547188
7.45,22.8496896863966,22.8861262350478,22.8887755066522,23.0009868792685
7.46,22.9995445675861,22.8773139241475,22.9210482057574,23.0006316214334
7.47,22.8245950821674,22.9493354491283,22.9502188163764,23.0003552952384
7.48,22.9277230396329,23.011350894238,22.9769660717126,23.0001579115924
7.49,23.1070751714235,22.9091894615899,22.9956779213774,23.0000394782877
7.5,22.6729289170091,22.866904652837,22.9941101263971,23
7.51,23.692830198232,22.9142306375314,22.9577463759241,23.0000394782877
7.52,23.3027218405179,22.9612049340872,22.8923549480054,23.0001579115924
7.53,21.6226580784691,22.9076152058884,22.8444618528527,23.0003552952384
7.54,22.6692799469358,23.0034136283829,22.8606242640517,23.0006316214334
7.55,23.3229495333405,22.9910382288537,22.9280517178624,23.0009868792685
7.56,23.4692875331439,22.9490087238607,22.9941616984736,23.0014210547188
7.57,22.2886978001796,22.8589550608191,23.0236227024767,23.0019341306438
7.58,23.885707264577,22.7967866620262,23.0053963630817,23.002526086788
7.59,22.9833211761316,23.0137103483804,22.9445592859397,23.0031968997821
7.6,22.2526338670793,22.9380032208043,22.8724088586368,23.0039465431435
7.61,22.7922935678163,22.8662412223537,22.8258843724983,23.0047749872775
7.62,22.6810378525891,22.8396646852836,22.8090933580949,23.0056821994788
7.63,23.7918949420104,22.9490809958569,22.8020216469729,23.0066681439319
7.64,21.9122086711752,22.7805472198257,22.80190101524,23.0077327817137
7.65,22.6053295488347,22.8520398170308,22.8239746961205,23.0088760707938
7.66,23.2035221624424,22.8579115164205,22.860765135259,23.0100979660374
7.67,23.3828609059132,22.8363123196803,22.8824001323349,23.011398419206
7.68,22.2003695042647,22.8527882838207,22.8770349322681,23.01277737896
7.69,23.6982471481831,22.8178255373223,22.8583304411659,23.0142347908604
7.7,22.3113508609758,22.9564108349979,22.8522454151997,23.015770597371
7.71,22.5763016004146,22.9985946401972,22.888720959113,23.017384737861
7.72,22.8457974939926,23.0247712673391,22.9760500888916,23.0190771486067
7.73,23.442267477027,22.9621792087392,23.0850545303865,23.0208477627947
7.74,23.2980616479306,23.1238401924538,23.1751834932243,23.0226965105242
7.75,23.0271676008285,23.061923735172,23.2237721841352,23.0246233188097
7.76,23.4652884338608,23.0422532962826,23.2247625099496,23.0266281115843
7.77,22.7569403199142,23.0432016761908,23.1744777979784,23.028710809702
7.78,23.8169793414113,23.0133685038812,23.0676673627297,23.0308713309416
7.79,23.0790825753646,22.9169341466263,22.9149260067253,23.0331095900093
7.8,22.1146464720823,22.9247136538753,22.7611367322376,23.0354254985426
7.81,22.5857853994961,22.8664227636278,22.6612495386646,23.0378189651133
7.82,22.5474657708963,22.8249786219276,22.6382747748828,23.0402898952315
7.83,22.4779239044779,22.8485878653277,22.6769173209633,23.0428381913491
7.84,23.375856720421,22.7338825785977,22.7434167269649,23.0454637528636
7.85,22.4442586983531,22.7373885007588,22.8099355745,23.0481664761225
7.86,23.0508470168593,22.7970740047144,22.8667949071582,23.0509462544268
7.87,22.9930327539151,22.9374936679194,22.9149155956196,23.0538029780357
7.88,22.6699264741116,22.9141692764611,22.9585388063061,23.0567365341707
7.89,23.1141417969747,22.9868873862202,22.9996683193612,23.0597468070198
7.9,22.7115015116385,22.931910531408,23.0281160149326,23.0628336777427
7.91,23.9899820315461,22.9849507450979,23.0259815754774,23.0659970244751
7.92,22.314221856314,22.9016427153299,22.991507007189,23.0692367223335
7.93,23.2051050020686,22.953079271574,22.947240039787,23.07255264342
7.94,22.8260881722988,23.0059182031179,22.9203303626203,23.0759446568278
7.95,22.9746608352528,23.0586879319026,22.9319953689668,23.0794126286461
7.96,22.2177667191789,23.1283817157318,22.9943443179719,23.0829564219652
7.97,23.5073983163561,22.9997897938733,23.0910311021322,23.0865758968823
7.98,23.1983157895508,23.0178560688482,23.1734683545547,23.0902709105067
7.99,23.6418390848211,22.9827911433098,23.1928782181773,23.0940413169656
8,23.4084393499311,23.037561107888,23.1351138849465,23.0978869674097
8.01,22.7040628129604,22.996672036763,23.0303495126768,23.1018077100194
8.02,22.4948846060632,23.0749042828733,22.9279567474938,23.1058033900105
8.03,22.8544557466849,22.9275679127137,22.8533812545075,23.1098738496404
8.04,23.3737878180803,22.8716498919287,22.7980718858416,23.1140189282143
8.05,22.5657701240031,22.8447242466512,22.7541722368121,23.1182384620916
8.06,23.0000891802815,22.8587483206924,22.7420240719393,23.1225322846923
8.07,22.0340346147604,22.9723990424549,22.7980387058903,23.1269002265036
8.08,22.6391355817007,23.0588896832439,22.9365267031333,23.1313421150868
8.09,23.3725826320461,23.106972216557,23.1196725716987,23.1358577750836
8.1,23.5486800903438,23.0366327098815,23.2729369599967,23.1404470282235
8.11,23.8405700305852,22.9975635123579,23.3348496969109,23.1451096933307
8.12,23.3597910139529,23.0642322487785,23.2936250479532,23.1498455863311
8.13,23.3352810798163,23.205191780644,23.1909671323259,23.1546545202598
8.14,22.6703927513246,23.2815330580737,23.1002670803981,23.1595363052683
8.15,22.1750781487675,23.2954889799342,23.0838594498372,23.164490748632
8.16,23.6667765444879,23.2377562192411,23.1477717532891,23.1695176547582
8.17,23.4436299334145,23.2294049861615,23.2450533116681,23.174616825193
8.18,23.4025483559978,23.2615378576145,23.3278399962942,23.17978805863
8.19,23.5121418506514,23.2342517952978,23.3793673579805,23.1850311509178
8.2,22.9713524834132,23.2576470898694,23.4036063173834,23.190345895068
8.21,23.7570576997889,23.3594071342175,23.4036192063213,23.1957320812636
8.22,23.681119728483,23.3485614137246,23.3794336652339,23.2011894968673
8.23,23.062420456649,23.3846459135191,23.3471978766242,23.2067179264295
8.24,22.9043456970408,23.417405416981,23.3366598248464,23.2123171516975
8.25,23.1926785922483,23.2956835971239,23.3548316446505,23.2179869516233
8.26,23.5583193395585,23.3380168566701,23.3654024127567,23.2237271023729
8.27,23.8044749313599,23.1342149210968,23.312849954846,23.2295373773351
8.28,23.7301433906166,23.0121272323902,23.1706592282886,23.2354175471301
8.29,22.2949236520803,22.9901551712579,22.9694110017444,23.2413673796189
8.3,23.3946850788754,23.029146018762,22.7779721923656,23.2473866399123
8.31,21.7190383440566,23.0348455148059,22.6674508400309,23.2534750903802
8.32,22.4602428414167,23.00137733049,22.6816124706102,23.2596324906609
8.33,22.8426998453254,23.0019319140457,22.8112570009402,23.265858597671
8.34,23.2942541720825,22.9645807387052,23.001634835689,23.2721531656143
8.35,23.2496735526871,23.109636372057,23.1933328754744,23.2785159459921
8.36,23.2236374963999,23.0974952491812,23.3465825672468,23.2849466876127
8.37,23.8100207669167,23.2116811209258,23.4374505414895,23.2914451366014
8.38,23.3566316372111,23.2388355285406,23.4550678353069,23.2980110364106
8.39,23.7454799855985,23.3477375925362,23.4080002855304,23.3046441278298
8.4,23.2732738501174,23.3313949113039,23.3279074918503,23.311344148996
8.41,22.8608970615025,23.3652086104648,23.2618767005551,23.3181108354037
8.42,22.7317869175651,23.3778127169684,23.2437078124752,23.3249439199157
8.43,23.9317204852813,23.3066319609141,23.2663052156047,23.3318431327737
8.44,23.1308273597598,23.3307267865967,23.2976600642948,23.3388082016084
8.45,23.5878105442957,23.2515193877763,23.3185338750075,23.3458388514509
8.46,23.3496785614354,23.3084032645479,23.334663991752,23.3529348047431
8.47,23.0982132063738,23.4251727483257,23.3674425966138,23.3600957813491
8.48,23.5975798940379,23.5826992446927,23.4391741359185,23.3673214985656
8.49,22.9534059973937,23.5637635646595,23.5581511912464,23.3746116711338
8.5,23.8421126178334,23.6386569788023,23.7059802037104,23.3819660112501
8.51,24.0285918992805,23.6612579823785,23.8361019917721,23.3893842285778
8.52,24.3070518812357,23.6186227194066,23.8989952666614,23.3968660302582
8.53,23.7423636849485,23.6465567240209,23.8740644008233,23.4044111209229
8.54,23.8797615011882,23.6520634519891,23.7734147383077,23.4120192027043
8.55,23.8138205800577,23.6446736353446,23.6274997617643,23.4196899752486
8.56,22.9233259317162,23.5951858670778,23.4747222458611,23.4274231357268
8.57,23.3775532525168,23.4682075244943,23.3449984773245,23.4352183788468
8.58,23.6526471737203,23.371898866409,23.2468371457408,23.443075396866
8.59,22.8795078309484,23.3573915489027,23.1831260506715,23.4509938796025
8.6,23.3472349351654,23.3353711037366,23.1676621317524,23.4589735144484
8.61,22.758808473446,23.3381393757944,23.2153109074828,23.4670139863813
8.62,23.3439653003825,23.4456547912386,23.3238062267057,23.4751149779771
8.63,23.5972905098853,23.4487745389496,23.4673230238634,23.4832761694226
8.64,23.6595570495277,23.484068261088,23.6093872337001,23.4914972385278
8.65,23.8415033006356,23.6012143840033,23.7216000287365,23.4997778607391
8.66,23.998480086158,23.612851671175,23.7925770807544,23.5081177091516
8.67,23.4087507296267,23.6975789508633,23.8271540022164,23.5165164545225
8.68,24.0055843951039,23.7645917509363,23.8331095474909,23.5249737652837
8.69,24.0509690601019,23.7583721836735,23.8111209640286,23.5334893075549
8.7,23.4636078068829,23.7137714714601,23.7643817059788,23.5420627451572
8.71,23.6060812703289,23.6627807194112,23.7006870670448,23.5506937396259
8.72,24.0140933011126,23.5902298800008,23.620502882987,23.5593819502242
8.73,23.535094837257,23.5555169324159,23.5248932967322,23.5681270339563
8.74,23.2135499273938,23.5778729080783,23.4316966603754,23.5769286455814
8.75,23.3315957801465,23.4307025847478,23.3658193708942,23.5857864376269
8.76,23.2729716920541,23.4428244950971,23.340146683616,23.5947000604023
8.77,23.0616212537779,23.4527069697011,23.3494604049078,23.6036691620131
8.78,24.229144151728,23.4265457114705,23.3767607073012,23.6126933883744
8.79,22.5792658267969,23.4282250744895,23.4111520962008,23.6217723832253
8.8,23.5848269103756,23.3973185187443,23.4495796983354,23.6309057881426
8.81,23.7049060163689,23.4046856166726,23.476723427795,23.6400932425552
8.82,23.7524807188063,23.3946806840886,23.4720193345028,23.6493343837579
8.83,23.551888467447,23.4925296292661,23.4406639801079,23.6586288469266
8.84,22.9044843699419,23.4205400596569,23.4175302260696,23.6679762651315
8.85,23.4052667594292,23.5579458635288,23.4367520499786,23.6773762693527
8.86,23.1729223662146,23.568805714325,23.5011764420767,23.6868284884941
8.87,24.0401107055521,23.5438487053424,23.5804010378131,23.6963325493982
8.88,23.5092484556364,23.5062925090662,23.634053959128,23.7058880768611
8.89,23.9533238655157,23.457215111727,23.6354987364944,23.7154946936468
8.9,23.6934254183375,23.5032360691193,23.5820004227931,23.7251520205026
8.91,23.4553359265435,23.509567012229,23.4961505240923,23.7348596761738
8.92,23.376918756044,23.5651775418065,23.4184874204191,23.7446172774186
8.93,23.0611144940546,23.5612934979724,23.3898132430363,23.7544244390238
8.94,23.3646939438655,23.6022924194229,23.4321663330184,23.7642807738193
8.95,23.4685761905257,23.6312402186546,23.5394970468783,23.774185892694
8.96,23.7290276619899,23.6467510629751,23.683472019745,23.7841394046108
8.97,24.0012702672116,23.735846796933,23.8283023272451,23.794140916622
8.98,23.9192376701414,23.7735407369628,23.9447585633686,23.804190033885
8.99,24.2428018578324,23.8384364432223,24.0177889790721,23.8142863596779
9,23.8485338615427,23.9292734545789,24.0466774305152,23.8244294954151
9.01,24.3462932661219,23.9861157765364,24.041112962456,23.8346190406628
9.02,23.753858156342,24.0087566208112,24.0179435066286,23.8448545931555
9.03,23.7100715566497,23.9757497951921,23.993170816813,23.8551357488108
9.04,24.273064057432,23.9668951288708,23.9673199818341,23.8654621017465
9.05,24.0369994100999,23.8904405862782,23.9284526856242,23.8758332442957
9.06,23.9554361047384,23.8887864941464,23.8752452508064,23.8862487670236
9.07,23.6712020110208,23.8577992091481,23.825958680223,23.8967082587431
9.08,23.8306910069284,23.9571223717659,23.8058411565119,23.9072113065315
9.09,23.4782564319061,23.9600545831407,23.8317446598345,23.9177574957462
9.1,23.8319929402251,23.9087617291668,23.8996637022586,23.928346410042
9.11,24.0364204161388,23.914543962398,23.9789602357254,23.9389776313865
9.12,24.7470897825193,23.9255959862199,24.0295475735565,23.9496507400774
9.13,23.7393936703979,23.9593232724916,24.0368987571803,23.9603653147586
9.14,23.7601355176938,23.9830886392554,24.0201178447017,23.971120932437
9.15,24.0948217424113,23.9353363964899,24.0005044304996,23.9819171684993
9.16,24.0659563429576,24.0214878623965,23.9818483998122,23.9927535967285
9.17,24.0084748737376,24.0535001927807,23.9635904579621,24.003629789321
9.18,24.0683446745666,23.9636871829304,23.9553634591932,24.0145453169034
9.19,23.0007340042513,23.9639866532397,23.9688495456797,24.0254997485493
9.2,24.6935075992905,23.9615497932014,23.9908948944087,24.0364926517966
9.21,24.3565437199811,23.8773060857737,23.9846110830968,24.0475235926641
9.22,23.8489596840158,23.8686253610245,23.9338300118897,24.0585921356693
9.23,23.7423883734916,23.9388939733177,23.8626657658404,24.0696978438451
9.24,23.7357669173103,23.86645770462,23.8078043999191,24.080840278757
9.25,23.252384668135,23.892833635108,23.78905710889,24.0920190005209
9.26,23.9791490954656,23.8371222803704,23.7932551965319,24.1032335678199
9.27,24.7111609966696,23.7500412895039,23.7853943663709,24.1144835379222
9.28,23.343981987589,23.767909923323,23.7548660579073,24.1257684666981
9.29,23.2644933091316,23.7743780191369,23.7317511168884,24.1370879086381
9.3,24.1363940519139,23.8418062976049,23.7455229073147,24.1484414168699
9.31,23.4857338113165,23.9155763029099,23.8003272086756,24.1598285431764
9.32,24.0276460222064,23.9454794041589,23.8885625580607,24.1712488380134
9.33,23.8070693316309,23.9182748566636,23.9978815548888,24.1827018505273
9.34,24.4100497019907,24.0281633625298,24.1104018545249,24.1941871285727
9.35,23.9900847211848,24.1511086891162,24.2090931952257,24.2057042187304
9.36,24.2781801079551,24.1491780729304,24.2802204880049,24.2172526663256
9.37,24.4391155217168,24.1046757323326,24.3080053949552,24.2288320154452
9.38,24.4428670462514,24.1432392115309,24.2777940062714,24.2404418089564
9.39,24.4939465749959,24.1459667835378,24.1918942069972,24.2520815885244
9.4,24.1170878900555,24.1626255043943,24.0833180279316,24.2637508946306
9.41,23.040710405338,24.1295538581488,24.0048570628954,24.2754492665909
9.42,24.4132808141903,24.1863731798963,23.988616409758,24.2871762425735
9.43,23.8343450516996,24.132020793412,24.0239169020759,24.2989313596175
9.44,24.5766369105553,24.0907545521561,24.0829217799394,24.310714153651
9.45,23.6593682587304,24.0982711616248,24.1498478324717,24.3225241595094
9.46,24.8463733254303,24.2420245517847,24.2232878565492,24.334360910954
9.47,23.8955916568735,24.3300817244934,24.3120693955031,24.3462239406901
9.48,24.0302046336926,24.4188204632899,24.4273301799948,24.3581127803856
9.49,24.5691126696821,24.5017005355249,24.5570975993439,24.3700269606894
9.5,25.5546217916545,24.4423861696302,24.6617066036718,24.3819660112501
9.51,23.9212821324256,24.5588614246389,24.710955859734,24.3939294607345
9.52,25.3006682021552,24.5307245502363,24.7019336949997,24.4059168368459
9.53,24.6631457740498,24.5642880706652,24.6457492676492,24.4179276663435
9.54,23.9834932516081,24.5872440239192,24.5626186856166,24.42996147506
9.55,24.8241208088177,24.4768087588305,24.4699417890291,24.4420177879215
9.56,24.5650045814043,24.3635689706467,24.3717827511459,24.4540961289654
9.57,24.2312268611617,24.4494584169161,24.2783550944955,24.4661960213592
9.58,24.2597641662331,24.3853179973615,24.2204661744952,24.4783169874202
9.59,23.4647600187952,24.3563287242935,24.2315393300655,24.4904585486332
9.6,24.4222239098162,24.4663789524687,24.3146919787689,24.5026202256703
9.61,24.7801765951197,24.4205181236808,24.4316692596714,24.5148015384092
9.62,24.6592640066093,24.4524085758686,24.5345873707073,24.5270020059525
9.63,24.3732530433696,24.4302250361674,24.5981678754377,24.5392211466468
9.64,25.0839955333599,24.4546546866147,24.6173792226668,24.5514584781012
9.65,24.3655125209393,24.5837836147051,24.5997835083271,24.5637135172069
9.66,24.8839091032817,24.6401459142069,24.5685796916453,24.5759857801559
9.67,24.0093914641505,24.6278216266102,24.5575449117828,24.5882747824602
9.68,24.5040606707061,24.6440478529924,24.5908940548543,24.6005800389712
9.69,24.756049299699,24.7357607601389,24.6647780506675,24.6129010638983
9.7,24.9858469048336,24.7570430767755,24.7552566330771,24.6252373708286
9.71,24.6569337191535,24.7610487821607,24.8427219862246,24.6375884727457
9.72,24.8215262704306,24.7543436316236,24.916743847967,24.6499538820494
9.73,25.2903821148346,24.9019693832034,24.9651450972229,24.6623331105745
9.74,25.2968186997261,24.932354331284,24.9816805113985,24.6747256696102
9.75,24.4055695747909,24.932011557489,24.9831510501774,24.6871310699195
9.76,24.8168575979108,24.9793022326516,24.9931557817492,24.6995488217585
9.77,25.4856489799488,25.0343912382893,25.0117652841912,24.7119784348955
9.78,24.8079101515121,24.9968140826575,25.0237441257926,24.7244194186307
9.79,24.7526215617485,24.9466435403446,25.0186623225978,24.7368712818154
9.8,25.4587536564598,24.8406856864667,24.9842461514817,24.7493335328714
9.81,25.2078237755305,24.8688722683652,24.9105580000295,24.7618056798103
9.82,24.4457547141122,24.91454977535,24.814271470478,24.774287230253
9.83,24.788676691706,24.7852620363474,24.7343055703715,24.7867776914495
9.84,24.237240160947,24.8404863417889,24.7007348124611,24.7992765702976
9.85,24.6874353937757,24.8321996965775,24.713202602012,24.811783373363
9.86,25.2736326677589,24.7388949147393,24.7434340161012,24.8242976068985
9.87,24.192771589923,24.6700878840301,24.7587031549754,24.8368187768637
9.88,25.3601532059276,24.6089765936994,24.7371390185122,24.8493463889441
9.89,24.6697551096347,24.6166027150137,24.670146193141,24.8618799485712
9.9,24.5257058380769,24.6277383779205,24.5709495925497,24.8744189609414
9.91,24.5197534684394,24.5687542462423,24.4727229386521,24.8869629310359
9.92,23.8346418108051,24.5361154882935,24.4082443607805,24.8995113636405
9.93,24.8649379048485,24.5836937830346,24.3911239862152,24.9120637633643
9.94,24.3485967900151,24.5252018075273,24.4185496088385,24.9246196346601
9.95,24.0975940769941,24.5631801293401,24.4868886823226,24.9371784818437
9.96,24.9472450882707,24.6188284566042,24.5891962564773,24.9497398091133
9.97,24.6685545373338,24.6298367886225,24.7101551244686,24.9623031205692
9.98,24.7752334508546,24.7292361608497,24.8377057993088,24.9748679202333
9.99,25.0495383277627,24.7098501974213,24.9667679369825,24.9874337120689
10,25.0821891107183,24.7700590986557,25.0937803712469,25
